{
    "C1": {
        "dist": "truncnorm",
        "coef": 0.25,
        "input": {
            "seq_mean": 256,
            "seq_std": 115,
            "seq_min": 1,
            "max_ratio": 2,
            "dist_params": [-1.9136080992138635, 1.9237073637009978, 255.82674599565493, 133.42635103841076]
        },
        "output": { 
            "seq_mean": 64,
            "seq_std": 30,
            "seq_min": 2,
            "max_ratio": 2.5,
            "dist_params": [-1.8400372994641303, 3.0235217955662015, 61.65532008967348, 32.69190255392762]
        }
    },

    "C2": {
        "dist": "truncnorm",
        "coef": 0.2,
        "input": {
            "seq_mean": 512,
            "seq_std": 252,
            "seq_min": 1,
            "max_ratio": 2,
            "dist_params": [-1.5256749869507205, 1.5309557372421565, 511.6159503920149, 335.0090646852323]
        },
        "output": { 
            "seq_mean": 256,
            "seq_std": 134,
            "seq_min": 2,
            "max_ratio": 2.5,
            "dist_params": [-1.5108131076428464, 2.5889146927344306, 236.98201532053656, 155.86376245300875]
        }
    },

    "CG": {
        "dist": "truncnorm",
        "coef": 0.655,
        "input": {
            "seq_mean": 64,
            "seq_std": 23,
            "seq_min": 1,
            "max_ratio": 2,
            "dist_params": [-2.680694794944612, 2.7254987264110926, 63.97010292846306, 23.676362951931814]
        },
        "output": { 
            "seq_mean": 192,
            "seq_std": 93,
            "seq_min": 2,
            "max_ratio": 2.5,
            "dist_params": [-1.7807346067702485, 2.8949138797780662, 183.92919116157017, 102.44546855437575]
        }
    },

    "S": {
        "dist": "truncnorm",
        "coef": 0.1875,
        "input": {
            "seq_mean": 256,
            "seq_std": 252,
            "seq_min": 4,
            "max_ratio": 2,
            "dist_params": [0.15774860382823652, 0.15969277154636624, -41296.372900391565, 261808.17388000875]
        },
        "output": { 
            "seq_mean": 32,
            "seq_std": 13,
            "seq_min": 2,
            "max_ratio": 2.5,
            "dist_params": [-2.215837391197787, 3.612065516732575, 31.537351125382486, 13.55530475507777]
        }
    },

    "T": {
        "dist": "truncnorm",
        "coef": 0.59,
        "input": {
            "seq_mean": 128,
            "seq_std": 81,
            "seq_min": 4,
            "max_ratio": 2,
            "dist_params": [0.2472264815428307, 0.24878413962473755, -40151.6866694817, 162422.67987996674]
        },
        "output": { 
            "seq_mean": 128,
            "seq_std": 68,
            "seq_min": 2,
            "max_ratio": 2.5,
            "dist_params": [-1.4332166266527517, 2.5284259124418917, 116.90633154464868, 80.52190394565508]
        }
    }
}